genre,id
knowledge,0
romance & emotions,1
information,2
stories,3
stories,4
stories,5
romance & emotions,6
romance & emotions,7
stories,8
information,9
hobbies,10
stories,11
information,12
information,13
information,14
romance & emotions,15
knowledge,16
mystery,17
romance & emotions,18
romance & emotions,19
editorial,20
romance & emotions,21
stories,22
stories,23
stories,24
romance & emotions,25
fiction,26
romance & emotions,27
romance & emotions,28
information,29
stories,30
stories,31
information,32
mystery,33
information,34
stories,35
knowledge,36
hobbies,37
stories,38
romance & emotions,39
knowledge,40
stories,41
lore,42
information,43
information,44
stories,45
information,46
stories,47
mystery,48
romance & emotions,49
romance & emotions,50
stories,51
romance & emotions,52
stories,53
information,54
knowledge,55
adventure,56
romance & emotions,57
stories,58
hobbies,59
romance & emotions,60
adventure,61
romance & emotions,62
stories,63
romance & emotions,64
knowledge,65
information,66
information,67
knowledge,68
stories,69
knowledge,70
knowledge,71
romance & emotions,72
romance & emotions,73
information,74
information,75
knowledge,76
romance & emotions,77
adventure,78
mystery,79
adventure,80
stories,81
information,82
knowledge,83
adventure,84
knowledge,85
stories,86
world affairs,87
stories,88
knowledge,89
romance & emotions,90
information,91
romance & emotions,92
romance & emotions,93
adventure,94
stories,95
stories,96
romance & emotions,97
romance & emotions,98
information,99
information,100
stories,101
stories,102
romance & emotions,103
information,104
mystery,105
information,106
romance & emotions,107
romance & emotions,108
mystery,109
stories,110
stories,111
stories,112
stories,113
stories,114
information,115
information,116
romance & emotions,117
stories,118
romance & emotions,119
romance & emotions,120
hobbies,121
romance & emotions,122
mystery,123
knowledge,124
knowledge,125
romance & emotions,126
romance & emotions,127
information,128
mystery,129
adventure,130
romance & emotions,131
information,132
information,133
knowledge,134
knowledge,135
romance & emotions,136
hobbies,137
romance & emotions,138
romance & emotions,139
knowledge,140
stories,141
stories,142
adventure,143
romance & emotions,144
romance & emotions,145
stories,146
stories,147
stories,148
romance & emotions,149
romance & emotions,150
romance & emotions,151
adventure,152
stories,153
fiction,154
stories,155
stories,156
information,157
stories,158
mystery,159
knowledge,160
stories,161
knowledge,162
stories,163
mystery,164
romance & emotions,165
stories,166
knowledge,167
stories,168
adventure,169
romance & emotions,170
romance & emotions,171
knowledge,172
knowledge,173
stories,174
romance & emotions,175
romance & emotions,176
information,177
information,178
adventure,179
information,180
adventure,181
stories,182
information,183
knowledge,184
romance & emotions,185
stories,186
romance & emotions,187
knowledge,188
romance & emotions,189
fiction,190
romance & emotions,191
stories,192
romance & emotions,193
mystery,194
stories,195
stories,196
stories,197
adventure,198
information,199
information,200
mystery,201
romance & emotions,202
stories,203
romance & emotions,204
information,205
adventure,206
stories,207
romance & emotions,208
stories,209
editorial,210
stories,211
editorial,212
information,213
stories,214
stories,215
mystery,216
information,217
adventure,218
adventure,219
information,220
hobbies,221
stories,222
knowledge,223
romance & emotions,224
mystery,225
romance & emotions,226
information,227
fiction,228
lore,229
stories,230
information,231
adventure,232
information,233
knowledge,234
romance & emotions,235
information,236
stories,237
stories,238
adventure,239
romance & emotions,240
information,241
stories,242
stories,243
romance & emotions,244
stories,245
knowledge,246
adventure,247
hobbies,248
romance & emotions,249
information,250
stories,251
information,252
information,253
information,254
knowledge,255
knowledge,256
information,257
stories,258
stories,259
knowledge,260
hobbies,261
romance & emotions,262
mystery,263
stories,264
knowledge,265
knowledge,266
stories,267
stories,268
stories,269
adventure,270
romance & emotions,271
romance & emotions,272
stories,273
romance & emotions,274
stories,275
knowledge,276
stories,277
information,278
stories,279
stories,280
romance & emotions,281
stories,282
romance & emotions,283
romance & emotions,284
stories,285
lore,286
romance & emotions,287
stories,288
stories,289
information,290
stories,291
stories,292
stories,293
knowledge,294
stories,295
information,296
stories,297
knowledge,298
stories,299
mystery,300
information,301
adventure,302
stories,303
stories,304
hobbies,305
romance & emotions,306
information,307
knowledge,308
stories,309
information,310
stories,311
romance & emotions,312
adventure,313
stories,314
stories,315
stories,316
stories,317
stories,318
stories,319
world affairs,320
romance & emotions,321
knowledge,322
knowledge,323
stories,324
knowledge,325
stories,326
romance & emotions,327
information,328
fiction,329
information,330
editorial,331
fiction,332
mystery,333
knowledge,334
knowledge,335
information,336
romance & emotions,337
knowledge,338
romance & emotions,339
stories,340
stories,341
stories,342
stories,343
stories,344
romance & emotions,345
stories,346
information,347
romance & emotions,348
adventure,349
lore,350
romance & emotions,351
romance & emotions,352
stories,353
mystery,354
knowledge,355
mystery,356
information,357
stories,358
stories,359
editorial,360
fiction,361
adventure,362
lore,363
romance & emotions,364
stories,365
adventure,366
romance & emotions,367
knowledge,368
stories,369
stories,370
stories,371
romance & emotions,372
romance & emotions,373
adventure,374
information,375
stories,376
stories,377
knowledge,378
information,379
stories,380
editorial,381
romance & emotions,382
stories,383
information,384
romance & emotions,385
adventure,386
fiction,387
romance & emotions,388
information,389
romance & emotions,390
information,391
hobbies,392
information,393
stories,394
romance & emotions,395
romance & emotions,396
knowledge,397
knowledge,398
information,399
information,400
information,401
mystery,402
stories,403
romance & emotions,404
romance & emotions,405
romance & emotions,406
adventure,407
stories,408
adventure,409
romance & emotions,410
information,411
stories,412
romance & emotions,413
hobbies,414
stories,415
stories,416
romance & emotions,417
romance & emotions,418
stories,419
stories,420
stories,421
stories,422
stories,423
mystery,424
stories,425
stories,426
stories,427
information,428
information,429
romance & emotions,430
romance & emotions,431
stories,432
knowledge,433
mystery,434
stories,435
information,436
romance & emotions,437
stories,438
romance & emotions,439
information,440
stories,441
romance & emotions,442
knowledge,443
stories,444
stories,445
stories,446
knowledge,447
stories,448
stories,449
information,450
information,451
information,452
adventure,453
adventure,454
stories,455
mystery,456
stories,457
mystery,458
adventure,459
knowledge,460
stories,461
editorial,462
romance & emotions,463
mystery,464
information,465
fiction,466
hobbies,467
stories,468
stories,469
stories,470
romance & emotions,471
mystery,472
romance & emotions,473
romance & emotions,474
stories,475
information,476
stories,477
adventure,478
fiction,479
adventure,480
romance & emotions,481
romance & emotions,482
lore,483
information,484
stories,485
stories,486
information,487
information,488
romance & emotions,489
mystery,490
stories,491
stories,492
stories,493
romance & emotions,494
adventure,495
mystery,496
romance & emotions,497
stories,498
romance & emotions,499
fiction,500
knowledge,501
adventure,502
information,503
stories,504
romance & emotions,505
romance & emotions,506
information,507
information,508
stories,509
stories,510
stories,511
romance & emotions,512
stories,513
information,514
information,515
romance & emotions,516
fiction,517
stories,518
romance & emotions,519
information,520
stories,521
romance & emotions,522
knowledge,523
mystery,524
stories,525
romance & emotions,526
hobbies,527
hobbies,528
adventure,529
romance & emotions,530
romance & emotions,531
romance & emotions,532
romance & emotions,533
knowledge,534
world affairs,535
romance & emotions,536
romance & emotions,537
stories,538
information,539
stories,540
stories,541
romance & emotions,542
mystery,543
stories,544
knowledge,545
mystery,546
adventure,547
lore,548
hobbies,549
information,550
stories,551
stories,552
knowledge,553
adventure,554
fiction,555
stories,556
mystery,557
romance & emotions,558
stories,559
information,560
romance & emotions,561
adventure,562
stories,563
information,564
hobbies,565
stories,566
stories,567
romance & emotions,568
stories,569
knowledge,570
information,571
stories,572
mystery,573
romance & emotions,574
stories,575
stories,576
knowledge,577
stories,578
romance & emotions,579
mystery,580
romance & emotions,581
lore,582
adventure,583
romance & emotions,584
stories,585
romance & emotions,586
information,587
information,588
adventure,589
romance & emotions,590
adventure,591
information,592
stories,593
stories,594
knowledge,595
knowledge,596
romance & emotions,597
information,598
romance & emotions,599
stories,600
stories,601
romance & emotions,602
mystery,603
adventure,604
knowledge,605
adventure,606
stories,607
mystery,608
romance & emotions,609
information,610
stories,611
adventure,612
stories,613
mystery,614
information,615
lore,616
lore,617
fiction,618
fiction,619
information,620
stories,621
adventure,622
romance & emotions,623
information,624
information,625
romance & emotions,626
adventure,627
romance & emotions,628
knowledge,629
stories,630
knowledge,631
information,632
adventure,633
knowledge,634
mystery,635
stories,636
information,637
information,638
stories,639
fiction,640
knowledge,641
stories,642
adventure,643
hobbies,644
knowledge,645
stories,646
knowledge,647
knowledge,648
information,649
stories,650
information,651
stories,652
romance & emotions,653
information,654
information,655
stories,656
stories,657
stories,658
information,659
stories,660
knowledge,661
mystery,662
knowledge,663
knowledge,664
stories,665
mystery,666
stories,667
knowledge,668
romance & emotions,669
knowledge,670
knowledge,671
romance & emotions,672
information,673
stories,674
stories,675
stories,676
information,677
adventure,678
romance & emotions,679
knowledge,680
romance & emotions,681
editorial,682
stories,683
adventure,684
fiction,685
knowledge,686
knowledge,687
adventure,688
romance & emotions,689
stories,690
adventure,691
stories,692
mystery,693
mystery,694
stories,695
mystery,696
adventure,697
fiction,698
stories,699
stories,700
stories,701
stories,702
stories,703
stories,704
adventure,705
information,706
knowledge,707
knowledge,708
knowledge,709
stories,710
knowledge,711
information,712
stories,713
stories,714
romance & emotions,715
romance & emotions,716
stories,717
romance & emotions,718
information,719
information,720
romance & emotions,721
romance & emotions,722
knowledge,723
information,724
information,725
hobbies,726
romance & emotions,727
information,728
adventure,729
knowledge,730
reviews,731
stories,732
stories,733
adventure,734
stories,735
knowledge,736
stories,737
romance & emotions,738
stories,739
stories,740
mystery,741
romance & emotions,742
stories,743
stories,744
stories,745
stories,746
stories,747
adventure,748
mystery,749
stories,750
stories,751
information,752
stories,753
romance & emotions,754
stories,755
romance & emotions,756
romance & emotions,757
knowledge,758
information,759
knowledge,760
hobbies,761
romance & emotions,762
romance & emotions,763
knowledge,764
stories,765
stories,766
knowledge,767
mystery,768
knowledge,769
knowledge,770
information,771
stories,772
romance & emotions,773
romance & emotions,774
romance & emotions,775
romance & emotions,776
stories,777
romance & emotions,778
knowledge,779
romance & emotions,780
romance & emotions,781
romance & emotions,782
religion,783
romance & emotions,784
knowledge,785
romance & emotions,786
romance & emotions,787
romance & emotions,788
knowledge,789
knowledge,790
romance & emotions,791
stories,792
knowledge,793
knowledge,794
knowledge,795
information,796
knowledge,797
mystery,798
stories,799
stories,800
stories,801
mystery,802
knowledge,803
stories,804
stories,805
stories,806
stories,807
knowledge,808
romance & emotions,809
stories,810
stories,811
stories,812
romance & emotions,813
information,814
romance & emotions,815
stories,816
information,817
stories,818
stories,819
romance & emotions,820
romance & emotions,821
stories,822
romance & emotions,823
romance & emotions,824
romance & emotions,825
stories,826
romance & emotions,827
romance & emotions,828
romance & emotions,829
romance & emotions,830
information,831
romance & emotions,832
romance & emotions,833
romance & emotions,834
romance & emotions,835
romance & emotions,836
romance & emotions,837
adventure,838
romance & emotions,839
information,840
romance & emotions,841
information,842
romance & emotions,843
information,844
romance & emotions,845
mystery,846
editorial,847
romance & emotions,848
information,849
stories,850
romance & emotions,851
romance & emotions,852
romance & emotions,853
stories,854
stories,855
romance & emotions,856
romance & emotions,857
adventure,858
stories,859
romance & emotions,860
fiction,861
knowledge,862
romance & emotions,863
romance & emotions,864
fiction,865
adventure,866
adventure,867
romance & emotions,868
romance & emotions,869
fiction,870
knowledge,871
romance & emotions,872
romance & emotions,873
romance & emotions,874
information,875
knowledge,876
mystery,877
information,878
romance & emotions,879
information,880
stories,881
stories,882
stories,883
romance & emotions,884
romance & emotions,885
information,886
information,887
stories,888
information,889
romance & emotions,890
stories,891
adventure,892
hobbies,893
stories,894
romance & emotions,895
romance & emotions,896
adventure,897
stories,898
romance & emotions,899
romance & emotions,900
romance & emotions,901
romance & emotions,902
stories,903
information,904
stories,905
knowledge,906
knowledge,907
romance & emotions,908
fiction,909
adventure,910
information,911
romance & emotions,912
information,913
information,914
information,915
stories,916
information,917
adventure,918
romance & emotions,919
knowledge,920
information,921
stories,922
information,923
romance & emotions,924
information,925
information,926
information,927
romance & emotions,928
mystery,929
information,930
romance & emotions,931
romance & emotions,932
romance & emotions,933
adventure,934
information,935
mystery,936
information,937
information,938
stories,939
mystery,940
romance & emotions,941
information,942
romance & emotions,943
romance & emotions,944
romance & emotions,945
knowledge,946
romance & emotions,947
stories,948
romance & emotions,949
adventure,950
information,951
adventure,952
stories,953
adventure,954
romance & emotions,955
mystery,956
fiction,957
romance & emotions,958
knowledge,959
knowledge,960
romance & emotions,961
mystery,962
mystery,963
stories,964
stories,965
stories,966
stories,967
mystery,968
knowledge,969
stories,970
information,971
mystery,972
romance & emotions,973
mystery,974
romance & emotions,975
information,976
knowledge,977
stories,978
stories,979
mystery,980
hobbies,981
information,982
romance & emotions,983
stories,984
knowledge,985
knowledge,986
stories,987
romance & emotions,988
knowledge,989
knowledge,990
knowledge,991
knowledge,992
stories,993
romance & emotions,994
mystery,995
stories,996
stories,997
adventure,998
stories,999
knowledge,1000
romance & emotions,1001
stories,1002
romance & emotions,1003
stories,1004
romance & emotions,1005
knowledge,1006
knowledge,1007
stories,1008
fiction,1009
information,1010
information,1011
stories,1012
editorial,1013
romance & emotions,1014
lore,1015
romance & emotions,1016
stories,1017
romance & emotions,1018
fiction,1019
romance & emotions,1020
knowledge,1021
mystery,1022
information,1023
romance & emotions,1024
information,1025
romance & emotions,1026
information,1027
hobbies,1028
information,1029
stories,1030
stories,1031
stories,1032
stories,1033
information,1034
knowledge,1035
mystery,1036
stories,1037
information,1038
information,1039
information,1040
information,1041
romance & emotions,1042
knowledge,1043
information,1044
information,1045
hobbies,1046
stories,1047
knowledge,1048
information,1049
mystery,1050
romance & emotions,1051
adventure,1052
adventure,1053
romance & emotions,1054
romance & emotions,1055
fiction,1056
romance & emotions,1057
mystery,1058
information,1059
stories,1060
stories,1061
romance & emotions,1062
romance & emotions,1063
romance & emotions,1064
stories,1065
information,1066
romance & emotions,1067
romance & emotions,1068
romance & emotions,1069
adventure,1070
information,1071
adventure,1072
romance & emotions,1073
knowledge,1074
romance & emotions,1075
romance & emotions,1076
romance & emotions,1077
information,1078
information,1079
romance & emotions,1080
romance & emotions,1081
information,1082
romance & emotions,1083
mystery,1084
romance & emotions,1085
mystery,1086
romance & emotions,1087
adventure,1088
knowledge,1089
knowledge,1090
romance & emotions,1091
romance & emotions,1092
romance & emotions,1093
mystery,1094
stories,1095
romance & emotions,1096
information,1097
romance & emotions,1098
information,1099
mystery,1100
adventure,1101
knowledge,1102
romance & emotions,1103
romance & emotions,1104
romance & emotions,1105
stories,1106
romance & emotions,1107
information,1108
information,1109
romance & emotions,1110
romance & emotions,1111
mystery,1112
romance & emotions,1113
mystery,1114
stories,1115
fiction,1116
romance & emotions,1117
mystery,1118
romance & emotions,1119
fiction,1120
information,1121
information,1122
romance & emotions,1123
information,1124
romance & emotions,1125
romance & emotions,1126
romance & emotions,1127
mystery,1128
knowledge,1129
knowledge,1130
romance & emotions,1131
stories,1132
romance & emotions,1133
information,1134
romance & emotions,1135
romance & emotions,1136
romance & emotions,1137
romance & emotions,1138
information,1139
hobbies,1140
romance & emotions,1141
knowledge,1142
adventure,1143
romance & emotions,1144
adventure,1145
romance & emotions,1146
fiction,1147
stories,1148
information,1149
stories,1150
romance & emotions,1151
fiction,1152
romance & emotions,1153
mystery,1154
adventure,1155
stories,1156
science_fiction,1157
adventure,1158
romance & emotions,1159
fiction,1160
stories,1161
stories,1162
romance & emotions,1163
romance & emotions,1164
fiction,1165
knowledge,1166
romance & emotions,1167
